Price,Adj Close,Close,High,Low,Open,Volume
Ticker,RRKABEL.NS,RRKABEL.NS,RRKABEL.NS,RRKABEL.NS,RRKABEL.NS,RRKABEL.NS
Date,,,,,,
2023-09-15 00:00:00+00:00,933.6832885742188,937.0,937.0,937.0,937.0,0
2023-09-20 00:00:00+00:00,1193.809326171875,1198.050048828125,1212.699951171875,1136.800048828125,1180.0,15023430
2023-09-21 00:00:00+00:00,1173.33203125,1177.5,1232.0,1159.0,1194.9000244140625,2120327
2023-09-22 00:00:00+00:00,1177.1185302734375,1181.300048828125,1192.550048828125,1151.050048828125,1184.0,744549
2023-09-25 00:00:00+00:00,1176.570556640625,1180.75,1190.0,1164.5,1183.0,470152
2023-09-26 00:00:00+00:00,1188.428466796875,1192.6500244140625,1194.949951171875,1171.4000244140625,1184.0,327002
2023-09-27 00:00:00+00:00,1195.7025146484375,1199.949951171875,1223.9000244140625,1184.0,1194.949951171875,467360
2023-09-28 00:00:00+00:00,1264.6575927734375,1269.1500244140625,1292.949951171875,1201.050048828125,1206.949951171875,1565376
2023-09-29 00:00:00+00:00,1394.9945068359375,1399.949951171875,1426.800048828125,1279.0999755859375,1285.0,2231718
2023-10-03 00:00:00+00:00,1404.162109375,1409.1500244140625,1456.5999755859375,1356.0999755859375,1424.1500244140625,1776987
2023-10-04 00:00:00+00:00,1397.385986328125,1402.3499755859375,1414.0,1376.5999755859375,1410.0,682742
2023-10-05 00:00:00+00:00,1478.697265625,1483.949951171875,1524.949951171875,1390.449951171875,1408.050048828125,2154615
2023-10-06 00:00:00+00:00,1497.4805908203125,1502.800048828125,1523.699951171875,1480.5999755859375,1484.949951171875,922131
2023-10-09 00:00:00+00:00,1437.74267578125,1442.8499755859375,1507.1500244140625,1432.0,1475.0,564296
2023-10-10 00:00:00+00:00,1454.3836669921875,1459.550048828125,1487.9000244140625,1445.050048828125,1452.949951171875,371387
2023-10-11 00:00:00+00:00,1453.63623046875,1458.800048828125,1498.800048828125,1445.300048828125,1465.300048828125,426664
2023-10-12 00:00:00+00:00,1439.93505859375,1445.050048828125,1472.0,1437.5,1465.75,336497
2023-10-13 00:00:00+00:00,1419.457763671875,1424.5,1455.5,1418.0,1440.0,243346
2023-10-16 00:00:00+00:00,1398.482177734375,1403.449951171875,1433.949951171875,1395.050048828125,1432.1500244140625,214241
2023-10-17 00:00:00+00:00,1412.0340576171875,1417.050048828125,1449.699951171875,1401.0,1408.3499755859375,409703
2023-10-18 00:00:00+00:00,1404.7099609375,1409.699951171875,1448.0,1405.1500244140625,1419.949951171875,431257
2023-10-19 00:00:00+00:00,1389.8629150390625,1394.800048828125,1419.0,1390.75,1409.949951171875,163936
2023-10-20 00:00:00+00:00,1362.460205078125,1367.300048828125,1410.75,1362.0999755859375,1402.4000244140625,192257
2023-10-23 00:00:00+00:00,1345.221435546875,1350.0,1376.75,1308.0,1367.300048828125,365465
2023-10-25 00:00:00+00:00,1362.410400390625,1367.25,1390.949951171875,1320.300048828125,1360.0,254919
2023-10-26 00:00:00+00:00,1328.9791259765625,1333.699951171875,1367.0,1309.0,1367.0,301173
2023-10-27 00:00:00+00:00,1339.8404541015625,1344.5999755859375,1356.800048828125,1336.199951171875,1336.199951171875,169055
2023-10-30 00:00:00+00:00,1340.6376953125,1345.4000244140625,1375.0,1335.0,1355.449951171875,177925
2023-10-31 00:00:00+00:00,1351.548828125,1356.3499755859375,1383.25,1340.0,1352.449951171875,247849
2023-11-01 00:00:00+00:00,1387.07275390625,1392.0,1397.9000244140625,1326.449951171875,1364.0,296990
2023-11-02 00:00:00+00:00,1384.8306884765625,1389.75,1412.949951171875,1382.050048828125,1408.8499755859375,142746
2023-11-03 00:00:00+00:00,1386.0762939453125,1391.0,1399.0,1375.0,1394.0,118798
2023-11-06 00:00:00+00:00,1397.5355224609375,1402.5,1432.0,1396.0,1396.050048828125,217734
2023-11-07 00:00:00+00:00,1520.747802734375,1526.1500244140625,1549.949951171875,1428.050048828125,1448.949951171875,2157504
2023-11-08 00:00:00+00:00,1599.1195068359375,1604.800048828125,1628.75,1503.0,1533.800048828125,1460489
2023-11-09 00:00:00+00:00,1610.877685546875,1616.5999755859375,1646.4000244140625,1590.050048828125,1610.8499755859375,884773
2023-11-10 00:00:00+00:00,1610.13037109375,1615.8499755859375,1660.0,1607.0,1618.0,530222
2023-11-13 00:00:00+00:00,1579.5390625,1585.1500244140625,1650.0,1572.699951171875,1634.800048828125,280490
2023-11-15 00:00:00+00:00,1602.4576416015625,1608.1500244140625,1642.5,1586.0999755859375,1612.5,368892
2023-11-16 00:00:00+00:00,1646.6007080078125,1652.449951171875,1714.4000244140625,1619.0,1619.949951171875,1010491
2023-11-17 00:00:00+00:00,1630.3289794921875,1633.1500244140625,1681.0,1608.0999755859375,1657.949951171875,551006
2023-11-20 00:00:00+00:00,1656.2840576171875,1659.1500244140625,1670.0,1621.199951171875,1640.0,351285
2023-11-21 00:00:00+00:00,1791.799560546875,1794.9000244140625,1809.0,1664.8499755859375,1664.8499755859375,1139202
2023-11-22 00:00:00+00:00,1716.829345703125,1719.800048828125,1820.0,1710.0999755859375,1796.0,549759
2023-11-23 00:00:00+00:00,1679.9930419921875,1682.9000244140625,1749.0,1673.6500244140625,1729.949951171875,391611
2023-11-24 00:00:00+00:00,1664.020751953125,1666.9000244140625,1717.949951171875,1655.3499755859375,1696.5999755859375,330905
2023-11-28 00:00:00+00:00,1656.6334228515625,1659.5,1683.449951171875,1651.75,1677.6500244140625,152580
2023-11-29 00:00:00+00:00,1642.1085205078125,1644.949951171875,1666.5999755859375,1619.199951171875,1666.5999755859375,697857
2023-11-30 00:00:00+00:00,1626.8848876953125,1629.699951171875,1650.0,1554.550048828125,1616.0,752212
2023-12-01 00:00:00+00:00,1647.1998291015625,1650.050048828125,1656.0,1630.050048828125,1639.25,292178
2023-12-04 00:00:00+00:00,1647.8985595703125,1650.75,1688.0,1635.5999755859375,1677.0,209996
2023-12-05 00:00:00+00:00,1674.5523681640625,1677.449951171875,1684.699951171875,1647.8499755859375,1664.949951171875,263047
2023-12-06 00:00:00+00:00,1665.51806640625,1668.4000244140625,1685.5,1651.0,1684.949951171875,144721
2023-12-07 00:00:00+00:00,1686.33203125,1689.25,1696.0,1648.0,1660.0,406911
2023-12-08 00:00:00+00:00,1706.447265625,1709.4000244140625,1744.0999755859375,1693.050048828125,1698.949951171875,355989
2023-12-11 00:00:00+00:00,1708.1943359375,1711.1500244140625,1733.0,1695.0,1717.9000244140625,274188
2023-12-12 00:00:00+00:00,1696.264892578125,1699.199951171875,1745.0,1690.0,1720.0,201485
2023-12-13 00:00:00+00:00,1663.4217529296875,1666.300048828125,1719.0999755859375,1660.0,1701.0999755859375,167605
2023-12-14 00:00:00+00:00,1700.956787109375,1703.9000244140625,1720.0,1667.4000244140625,1680.5,254311
2023-12-15 00:00:00+00:00,1702.753662109375,1705.699951171875,1729.449951171875,1699.5,1713.699951171875,318062
2023-12-18 00:00:00+00:00,1720.9222412109375,1723.9000244140625,1737.9000244140625,1686.0999755859375,1709.0,484734
2023-12-19 00:00:00+00:00,1705.848388671875,1708.800048828125,1740.0,1696.800048828125,1727.699951171875,256822
2023-12-20 00:00:00+00:00,1628.9813232421875,1631.800048828125,1726.0,1594.0,1726.0,449781
2023-12-21 00:00:00+00:00,1646.9503173828125,1649.800048828125,1657.0,1589.550048828125,1605.0,167848
2023-12-22 00:00:00+00:00,1616.0537109375,1618.8499755859375,1673.0,1606.550048828125,1654.9000244140625,103069
2023-12-26 00:00:00+00:00,1577.37060546875,1580.0999755859375,1639.6500244140625,1548.0,1639.6500244140625,344813
2023-12-27 00:00:00+00:00,1585.107177734375,1587.8499755859375,1624.050048828125,1572.0,1600.0,270794
2023-12-28 00:00:00+00:00,1580.565185546875,1583.300048828125,1605.949951171875,1573.300048828125,1595.0,157764
2023-12-29 00:00:00+00:00,1568.6856689453125,1571.4000244140625,1598.0,1565.1500244140625,1583.550048828125,274381
2024-01-01 00:00:00+00:00,1575.7734375,1578.5,1590.0,1575.0,1580.0,63970
2024-01-02 00:00:00+00:00,1555.4085693359375,1558.0999755859375,1610.449951171875,1545.6500244140625,1578.5,259832
2024-01-03 00:00:00+00:00,1539.7357177734375,1542.4000244140625,1569.25,1529.0,1564.25,156024
2024-01-04 00:00:00+00:00,1586.7044677734375,1589.449951171875,1595.0,1548.0,1550.0,144000
2024-01-05 00:00:00+00:00,1572.7286376953125,1575.449951171875,1597.800048828125,1557.050048828125,1589.4000244140625,114119
2024-01-08 00:00:00+00:00,1563.0953369140625,1565.800048828125,1596.949951171875,1557.199951171875,1591.949951171875,94270
2024-01-09 00:00:00+00:00,1579.5169677734375,1582.25,1585.0,1565.050048828125,1580.0,139621
2024-01-10 00:00:00+00:00,1562.0970458984375,1564.800048828125,1579.9000244140625,1545.949951171875,1570.0,159779
2024-01-11 00:00:00+00:00,1495.2626953125,1497.8499755859375,1564.949951171875,1479.75,1545.0,1046035
2024-01-12 00:00:00+00:00,1478.94091796875,1481.5,1530.0,1477.0,1515.050048828125,342562
2024-01-15 00:00:00+00:00,1511.484619140625,1514.0999755859375,1533.699951171875,1481.5,1485.050048828125,200269
2024-01-16 00:00:00+00:00,1498.0079345703125,1500.5999755859375,1523.0,1498.0,1523.0,112732
2024-01-17 00:00:00+00:00,1459.474609375,1462.0,1500.5999755859375,1449.0,1480.0,186256
2024-01-19 00:00:00+00:00,1451.18896484375,1453.699951171875,1470.75,1428.0,1465.0,159757
2024-01-23 00:00:00+00:00,1425.8328857421875,1428.300048828125,1469.800048828125,1411.050048828125,1469.800048828125,167050
2024-01-24 00:00:00+00:00,1445.84814453125,1448.3499755859375,1459.0,1403.050048828125,1420.0,277229
2024-01-25 00:00:00+00:00,1464.5657958984375,1467.0999755859375,1474.949951171875,1439.5,1455.0,99020
2024-01-29 00:00:00+00:00,1476.145751953125,1478.699951171875,1495.0,1465.0,1483.0,87951
2024-01-30 00:00:00+00:00,1432.3714599609375,1434.8499755859375,1452.699951171875,1401.4000244140625,1406.949951171875,507316
2024-01-31 00:00:00+00:00,1430.8741455078125,1433.3499755859375,1448.6500244140625,1404.300048828125,1448.6500244140625,433764
2024-02-01 00:00:00+00:00,1424.9842529296875,1427.449951171875,1443.9000244140625,1410.0,1435.800048828125,137460
2024-02-02 00:00:00+00:00,1445.0496826171875,1447.550048828125,1464.0,1421.550048828125,1428.949951171875,121923
2024-02-05 00:00:00+00:00,1452.386962890625,1454.9000244140625,1464.0,1429.0,1451.800048828125,113371
2024-02-06 00:00:00+00:00,1489.322998046875,1491.9000244140625,1499.3499755859375,1452.6500244140625,1454.0,199169
2024-02-07 00:00:00+00:00,1463.4677734375,1466.0,1503.949951171875,1460.5,1497.0,80847
2024-02-08 00:00:00+00:00,1451.987548828125,1454.5,1480.9000244140625,1442.050048828125,1467.1500244140625,77292
2024-02-09 00:00:00+00:00,1457.677734375,1460.199951171875,1470.75,1435.550048828125,1435.550048828125,73063
2024-02-12 00:00:00+00:00,1435.166748046875,1437.6500244140625,1464.3499755859375,1420.0,1459.9000244140625,51967
2024-02-13 00:00:00+00:00,1416.648681640625,1419.0999755859375,1435.0,1411.050048828125,1417.0,49073
2024-02-14 00:00:00+00:00,1410.259765625,1412.699951171875,1432.699951171875,1405.050048828125,1419.0,73041
2024-02-15 00:00:00+00:00,1470.3558349609375,1472.9000244140625,1478.9000244140625,1414.0,1420.0,107128
2024-02-16 00:00:00+00:00,1498.956298828125,1501.550048828125,1523.800048828125,1472.949951171875,1472.949951171875,142692
2024-02-19 00:00:00+00:00,1466.1629638671875,1468.699951171875,1510.0,1465.550048828125,1510.0,69835
2024-02-20 00:00:00+00:00,1438.760498046875,1441.25,1479.800048828125,1437.050048828125,1470.0,66916
2024-02-21 00:00:00+00:00,1438.4111328125,1440.9000244140625,1459.949951171875,1431.800048828125,1454.949951171875,59878
2024-02-22 00:00:00+00:00,1432.171875,1434.6500244140625,1455.0,1428.25,1455.0,39342
2024-02-23 00:00:00+00:00,1441.705322265625,1444.199951171875,1453.75,1431.0,1434.949951171875,68161
2024-02-26 00:00:00+00:00,1480.28857421875,1482.8499755859375,1493.0,1431.449951171875,1434.550048828125,139799
2024-02-27 00:00:00+00:00,1478.342041015625,1480.9000244140625,1490.0999755859375,1460.0,1484.0,57655
2024-02-28 00:00:00+00:00,1438.4111328125,1440.9000244140625,1487.75,1436.0,1480.9000244140625,44195
2024-02-29 00:00:00+00:00,1441.905029296875,1444.4000244140625,1452.0,1433.4000244140625,1440.0,75969
2024-03-01 00:00:00+00:00,1454.0340576171875,1456.550048828125,1470.25,1440.0999755859375,1458.949951171875,63655
2024-03-04 00:00:00+00:00,1445.84814453125,1448.3499755859375,1475.0,1445.050048828125,1462.300048828125,43984
2024-03-05 00:00:00+00:00,1423.8363037109375,1426.300048828125,1448.300048828125,1421.0999755859375,1448.300048828125,123884
2024-03-06 00:00:00+00:00,1381.509521484375,1383.9000244140625,1425.800048828125,1380.0,1416.0,145093
2024-03-07 00:00:00+00:00,1421.0411376953125,1423.5,1435.5,1380.0,1380.0,192119
2024-03-11 00:00:00+00:00,1395.884765625,1398.300048828125,1427.25,1375.0,1420.0,116685
2024-03-12 00:00:00+00:00,1381.908935546875,1384.300048828125,1420.0,1370.0,1420.0,117271
2024-03-13 00:00:00+00:00,1355.2548828125,1357.5999755859375,1388.0999755859375,1310.300048828125,1384.300048828125,297494
2024-03-14 00:00:00+00:00,1406.1668701171875,1408.5999755859375,1426.6500244140625,1318.5999755859375,1337.25,402382
2024-03-15 00:00:00+00:00,1407.664306640625,1410.0999755859375,1423.8499755859375,1380.5,1400.0,105978
2024-03-18 00:00:00+00:00,1397.132568359375,1399.550048828125,1418.9000244140625,1394.1500244140625,1410.050048828125,60338
2024-03-19 00:00:00+00:00,1419.6934814453125,1422.1500244140625,1443.0,1372.0,1404.949951171875,117721
2024-03-20 00:00:00+00:00,1424.33544921875,1426.800048828125,1454.550048828125,1405.0,1436.949951171875,190482
2024-03-21 00:00:00+00:00,1420.9412841796875,1423.4000244140625,1454.550048828125,1406.0,1454.550048828125,210834
2024-03-22 00:00:00+00:00,1420.9412841796875,1423.4000244140625,1429.8499755859375,1414.0,1423.4000244140625,67800
2024-03-26 00:00:00+00:00,1516.326171875,1518.949951171875,1529.0,1416.0,1433.25,296697
2024-03-27 00:00:00+00:00,1542.331298828125,1545.0,1554.9000244140625,1506.3499755859375,1528.0,218926
2024-03-28 00:00:00+00:00,1536.2916259765625,1538.949951171875,1564.3499755859375,1503.949951171875,1545.0,92732
2024-04-01 00:00:00+00:00,1557.20556640625,1559.9000244140625,1574.449951171875,1538.0,1538.949951171875,80219
2024-04-02 00:00:00+00:00,1554.659912109375,1557.3499755859375,1568.5999755859375,1541.0,1565.0,50415
2024-04-03 00:00:00+00:00,1560.3001708984375,1563.0,1575.0,1525.050048828125,1525.050048828125,50736
2024-04-04 00:00:00+00:00,1554.859619140625,1557.550048828125,1581.199951171875,1548.0,1563.0,53527
2024-04-05 00:00:00+00:00,1543.479248046875,1546.1500244140625,1577.0,1528.9000244140625,1561.9000244140625,35243
2024-04-08 00:00:00+00:00,1570.83203125,1573.550048828125,1609.949951171875,1530.9000244140625,1569.3499755859375,192117
2024-04-09 00:00:00+00:00,1597.6854248046875,1600.449951171875,1613.050048828125,1564.5,1570.0,126736
2024-04-10 00:00:00+00:00,1563.0953369140625,1565.800048828125,1600.0,1557.9000244140625,1600.0,50074
2024-04-12 00:00:00+00:00,1595.788818359375,1598.550048828125,1612.75,1552.199951171875,1565.800048828125,120357
2024-04-15 00:00:00+00:00,1572.129638671875,1574.8499755859375,1601.050048828125,1533.5,1579.5,107119
2024-04-16 00:00:00+00:00,1600.081298828125,1602.8499755859375,1606.5,1564.8499755859375,1574.8499755859375,89145
2024-04-18 00:00:00+00:00,1627.03466796875,1629.8499755859375,1662.949951171875,1602.9000244140625,1604.9000244140625,189686
2024-04-19 00:00:00+00:00,1587.5030517578125,1590.25,1627.949951171875,1581.0,1615.1500244140625,111225
2024-04-22 00:00:00+00:00,1632.625,1635.449951171875,1646.0,1609.300048828125,1625.0,87559
2024-04-23 00:00:00+00:00,1633.1241455078125,1635.949951171875,1652.449951171875,1591.199951171875,1600.0,117988
2024-04-24 00:00:00+00:00,1646.9503173828125,1649.800048828125,1674.0,1619.949951171875,1645.0,82426
2024-04-25 00:00:00+00:00,1655.1361083984375,1658.0,1680.0,1642.0999755859375,1663.050048828125,54659
2024-04-26 00:00:00+00:00,1678.7950439453125,1681.699951171875,1690.1500244140625,1643.8499755859375,1658.0,92639
2024-04-29 00:00:00+00:00,1678.2958984375,1681.199951171875,1700.800048828125,1670.0,1681.949951171875,45351
2024-04-30 00:00:00+00:00,1651.1929931640625,1654.050048828125,1689.5,1646.0,1681.199951171875,55264
2024-05-02 00:00:00+00:00,1673.404541015625,1676.300048828125,1685.3499755859375,1650.0,1654.0999755859375,48033
2024-05-03 00:00:00+00:00,1686.631591796875,1689.550048828125,1720.0,1677.050048828125,1698.449951171875,142382
2024-05-06 00:00:00+00:00,1675.700439453125,1678.5999755859375,1706.949951171875,1658.6500244140625,1700.0,83565
2024-05-07 00:00:00+00:00,1603.225830078125,1606.0,1689.949951171875,1582.0999755859375,1676.0,144777
2024-05-08 00:00:00+00:00,1648.2979736328125,1651.1500244140625,1660.0999755859375,1602.0,1602.0,73134
2024-05-09 00:00:00+00:00,1599.0830078125,1601.8499755859375,1660.949951171875,1589.0,1660.949951171875,56480
2024-05-10 00:00:00+00:00,1697.3131103515625,1700.25,1734.1500244140625,1583.0,1635.0,488014
2024-05-13 00:00:00+00:00,1673.5042724609375,1676.4000244140625,1720.0,1631.1500244140625,1715.0,176430
2024-05-14 00:00:00+00:00,1699.708984375,1702.6500244140625,1725.0,1675.800048828125,1691.050048828125,74958
2024-05-15 00:00:00+00:00,1700.8570556640625,1703.800048828125,1729.0,1685.050048828125,1704.199951171875,70827
2024-05-16 00:00:00+00:00,1730.505615234375,1733.5,1747.800048828125,1705.050048828125,1710.699951171875,132023
2024-05-17 00:00:00+00:00,1770.8359375,1773.9000244140625,1801.8499755859375,1727.300048828125,1733.050048828125,173797
2024-05-21 00:00:00+00:00,1746.47802734375,1749.5,1779.3499755859375,1735.0,1760.949951171875,87146
2024-05-22 00:00:00+00:00,1743.9822998046875,1747.0,1780.0,1735.550048828125,1749.5,61063
2024-05-23 00:00:00+00:00,1739.440185546875,1742.449951171875,1778.75,1731.0,1750.0,62896
2024-05-24 00:00:00+00:00,1751.36962890625,1754.4000244140625,1787.0,1735.0,1759.8499755859375,106117
2024-05-27 00:00:00+00:00,1803.7789306640625,1806.9000244140625,1901.949951171875,1756.0,1756.0,739047
2024-05-28 00:00:00+00:00,1807.7220458984375,1810.8499755859375,1895.0,1775.0,1822.0,419614
2024-05-29 00:00:00+00:00,1721.2716064453125,1724.25,1860.0,1702.0,1860.0,451269
2024-05-30 00:00:00+00:00,1724.416259765625,1727.4000244140625,1820.0,1706.0,1770.0,581134
2024-05-31 00:00:00+00:00,1724.06689453125,1727.050048828125,1779.699951171875,1710.0,1727.0999755859375,824975
2024-06-03 00:00:00+00:00,1722.0203857421875,1725.0,1754.8499755859375,1697.0,1733.0,360654
2024-06-04 00:00:00+00:00,1581.2138671875,1583.949951171875,1733.550048828125,1380.0,1726.0,601404
2024-06-05 00:00:00+00:00,1627.5338134765625,1630.3499755859375,1645.0,1528.300048828125,1600.0,147055
2024-06-06 00:00:00+00:00,1676.8485107421875,1679.75,1699.0,1638.050048828125,1648.5,149395
2024-06-07 00:00:00+00:00,1698.16162109375,1701.0999755859375,1708.0,1665.0,1682.9000244140625,98946
2024-06-10 00:00:00+00:00,1746.8773193359375,1749.9000244140625,1763.0,1703.5999755859375,1703.5999755859375,130832
2024-06-11 00:00:00+00:00,1729.856689453125,1732.8499755859375,1767.0,1724.0,1753.0,60624
2024-06-12 00:00:00+00:00,1742.784423828125,1745.800048828125,1779.0,1726.550048828125,1734.5999755859375,99088
2024-06-13 00:00:00+00:00,1752.26806640625,1755.300048828125,1775.0,1740.0,1764.9000244140625,94219
2024-06-14 00:00:00+00:00,1754.4141845703125,1757.449951171875,1799.0,1750.199951171875,1756.050048828125,147830
2024-06-18 00:00:00+00:00,1758.5072021484375,1761.550048828125,1779.449951171875,1755.0,1774.9000244140625,80981
2024-06-19 00:00:00+00:00,1752.7672119140625,1755.800048828125,1771.0,1730.0,1771.0,61648
2024-06-20 00:00:00+00:00,1747.6759033203125,1750.699951171875,1762.0,1738.699951171875,1750.0,49063
2024-06-21 00:00:00+00:00,1749.023681640625,1752.050048828125,1759.949951171875,1725.300048828125,1752.300048828125,103037
2024-06-24 00:00:00+00:00,1749.722412109375,1752.75,1760.0,1712.050048828125,1752.050048828125,144534
2024-06-25 00:00:00+00:00,1758.457275390625,1761.5,1808.550048828125,1736.050048828125,1736.050048828125,197954
2024-06-26 00:00:00+00:00,1757.9581298828125,1761.0,1775.0,1747.0999755859375,1760.0,129581
2024-06-27 00:00:00+00:00,1762.001220703125,1765.050048828125,1770.0,1735.0,1751.300048828125,78577
2024-06-28 00:00:00+00:00,1737.393798828125,1740.4000244140625,1769.800048828125,1731.949951171875,1760.0,115241
2024-07-01 00:00:00+00:00,1757.509033203125,1760.550048828125,1769.0,1736.199951171875,1736.199951171875,73299
2024-07-02 00:00:00+00:00,1751.8187255859375,1754.8499755859375,1765.800048828125,1739.0999755859375,1765.0,100785
2024-07-03 00:00:00+00:00,1808.1712646484375,1811.300048828125,1819.449951171875,1759.449951171875,1765.0,185740
2024-07-04 00:00:00+00:00,1783.16455078125,1786.25,1835.75,1778.0,1824.949951171875,199742
2024-07-05 00:00:00+00:00,1804.8270263671875,1807.949951171875,1825.0,1785.050048828125,1801.0,118502
2024-07-08 00:00:00+00:00,1825.44140625,1828.5999755859375,1839.0,1787.949951171875,1830.0,112847
2024-07-09 00:00:00+00:00,1827.0885009765625,1830.25,1850.0,1810.0,1831.4000244140625,113723
2024-07-10 00:00:00+00:00,1821.797607421875,1824.949951171875,1850.0,1778.050048828125,1841.0,186909
2024-07-11 00:00:00+00:00,1800.4844970703125,1803.5999755859375,1839.699951171875,1801.199951171875,1830.0,35828
2024-07-12 00:00:00+00:00,1772.2833251953125,1775.3499755859375,1828.0,1770.199951171875,1804.75,148077
2024-07-15 00:00:00+00:00,1771.2850341796875,1774.3499755859375,1801.9000244140625,1763.25,1792.0,96275
2024-07-16 00:00:00+00:00,1769.1387939453125,1772.199951171875,1799.9000244140625,1754.050048828125,1774.0,97866
2024-07-18 00:00:00+00:00,1777.224853515625,1780.300048828125,1799.800048828125,1757.0,1772.199951171875,178418
2024-07-19 00:00:00+00:00,1734.3489990234375,1737.3499755859375,1781.199951171875,1725.0,1771.5,203778
2024-07-22 00:00:00+00:00,1727.311279296875,1730.300048828125,1744.800048828125,1689.1500244140625,1725.0,161425
2024-07-23 00:00:00+00:00,1732.60205078125,1735.5999755859375,1745.0,1681.0,1742.0,66088
2024-07-24 00:00:00+00:00,1740.987548828125,1744.0,1756.0,1708.75,1735.5999755859375,53942
2024-07-25 00:00:00+00:00,1733.75,1736.75,1761.0,1724.4000244140625,1744.0,57724
2024-07-26 00:00:00+00:00,1756.300048828125,1756.300048828125,1759.5999755859375,1725.0,1725.0,24424
2024-07-29 00:00:00+00:00,1797.4000244140625,1797.4000244140625,1825.0,1766.199951171875,1771.3499755859375,106017
2024-07-30 00:00:00+00:00,1800.449951171875,1800.449951171875,1825.0,1770.0,1800.0,161028
2024-07-31 00:00:00+00:00,1795.050048828125,1795.050048828125,1799.0,1723.75,1746.0,182109
2024-08-01 00:00:00+00:00,1740.199951171875,1740.199951171875,1790.0,1724.6500244140625,1778.0,382639
2024-08-02 00:00:00+00:00,1711.1500244140625,1711.1500244140625,1750.949951171875,1697.949951171875,1740.0,180044
2024-08-05 00:00:00+00:00,1645.6500244140625,1645.6500244140625,1684.0,1635.3499755859375,1684.0,138775
2024-08-06 00:00:00+00:00,1650.300048828125,1650.300048828125,1669.5,1639.8499755859375,1655.0,168446
2024-08-07 00:00:00+00:00,1700.8499755859375,1700.8499755859375,1705.25,1652.25,1655.0,49336
2024-08-08 00:00:00+00:00,1662.9000244140625,1662.9000244140625,1712.9000244140625,1652.050048828125,1700.8499755859375,77143
2024-08-09 00:00:00+00:00,1643.949951171875,1643.949951171875,1691.550048828125,1625.0,1683.9000244140625,171483
2024-08-12 00:00:00+00:00,1625.0,1625.0,1649.9000244140625,1615.6500244140625,1630.0,143669
2024-08-13 00:00:00+00:00,1590.3499755859375,1590.3499755859375,1635.949951171875,1580.0,1625.0,100821
2024-08-14 00:00:00+00:00,1577.800048828125,1577.800048828125,1608.75,1556.300048828125,1585.0,128538
2024-08-16 00:00:00+00:00,1634.199951171875,1634.199951171875,1643.300048828125,1588.050048828125,1595.0,140604
2024-08-19 00:00:00+00:00,1634.949951171875,1634.949951171875,1688.25,1630.0,1650.0,82848
2024-08-20 00:00:00+00:00,1666.8499755859375,1666.8499755859375,1700.0,1656.050048828125,1660.0,273609
2024-08-21 00:00:00+00:00,1645.1500244140625,1645.1500244140625,1683.0,1610.0,1677.0,109537
2024-08-22 00:00:00+00:00,1631.0,1631.0,1663.199951171875,1625.25,1663.199951171875,59252
2024-08-23 00:00:00+00:00,1639.6500244140625,1639.6500244140625,1653.0,1625.1500244140625,1646.3499755859375,86755
2024-08-26 00:00:00+00:00,1618.1500244140625,1618.1500244140625,1644.9000244140625,1608.5,1640.0,235025
2024-08-28 00:00:00+00:00,1601.550048828125,1601.550048828125,1629.9000244140625,1600.0,1622.550048828125,48290
2024-08-29 00:00:00+00:00,1600.5,1600.5,1611.0,1586.550048828125,1602.6500244140625,69088
2024-08-30 00:00:00+00:00,1614.0,1614.0,1636.949951171875,1595.0,1595.0,728049
2024-09-02 00:00:00+00:00,1620.699951171875,1620.699951171875,1638.0,1610.0,1638.0,83598
2024-09-03 00:00:00+00:00,1605.9000244140625,1605.9000244140625,1630.0,1597.0999755859375,1627.4000244140625,162067
2024-09-04 00:00:00+00:00,1590.949951171875,1590.949951171875,1618.0,1583.0,1610.0,205906
2024-09-05 00:00:00+00:00,1579.800048828125,1579.800048828125,1605.6500244140625,1575.25,1599.9000244140625,92181
2024-09-06 00:00:00+00:00,1575.050048828125,1575.050048828125,1618.699951171875,1565.199951171875,1579.800048828125,105098
2024-09-09 00:00:00+00:00,1528.550048828125,1528.550048828125,1587.3499755859375,1519.0,1587.3499755859375,445572
2024-09-10 00:00:00+00:00,1574.6500244140625,1574.6500244140625,1586.800048828125,1530.75,1530.75,240925
2024-09-11 00:00:00+00:00,1711.75,1711.75,1760.0,1565.0,1574.6500244140625,1548623
2024-09-12 00:00:00+00:00,1656.199951171875,1656.199951171875,1729.9000244140625,1640.050048828125,1711.699951171875,375692
2024-09-13 00:00:00+00:00,1654.8499755859375,1654.8499755859375,1663.25,1643.25,1657.8499755859375,101314
2024-09-16 00:00:00+00:00,1660.5,1660.5,1672.75,1644.800048828125,1654.0,141466
2024-09-17 00:00:00+00:00,1668.75,1668.75,1680.0,1644.5999755859375,1655.5,247521
2024-09-18 00:00:00+00:00,1667.050048828125,1667.050048828125,1672.0,1646.0999755859375,1671.0,102910
2024-09-19 00:00:00+00:00,1676.300048828125,1676.300048828125,1684.9000244140625,1647.0,1667.0999755859375,141806
2024-09-20 00:00:00+00:00,1707.550048828125,1707.550048828125,1755.949951171875,1626.050048828125,1676.300048828125,1281600
2024-09-23 00:00:00+00:00,1701.699951171875,1701.699951171875,1728.75,1694.0,1724.5,123024
2024-09-24 00:00:00+00:00,1694.25,1694.25,1735.050048828125,1689.699951171875,1718.199951171875,53877
2024-09-25 00:00:00+00:00,1688.5,1688.5,1705.550048828125,1677.449951171875,1688.0,37944
2024-09-26 00:00:00+00:00,1709.8499755859375,1709.8499755859375,1724.9000244140625,1667.25,1679.0,183952
2024-09-27 00:00:00+00:00,1706.0,1706.0,1720.199951171875,1676.949951171875,1701.0,122488
2024-09-30 00:00:00+00:00,1733.3499755859375,1733.3499755859375,1748.75,1701.699951171875,1706.0,240340
2024-10-01 00:00:00+00:00,1734.5999755859375,1734.5999755859375,1764.800048828125,1725.0,1749.699951171875,134693
2024-10-03 00:00:00+00:00,1722.25,1722.25,1729.5999755859375,1690.0,1690.0,53898
2024-10-04 00:00:00+00:00,1735.75,1735.75,1745.0,1680.0,1706.0999755859375,75123
2024-10-07 00:00:00+00:00,1772.300048828125,1772.300048828125,1786.9000244140625,1698.75,1736.3499755859375,192056
2024-10-08 00:00:00+00:00,1751.5,1751.5,1789.949951171875,1731.300048828125,1789.949951171875,126450
2024-10-09 00:00:00+00:00,1734.550048828125,1734.550048828125,1762.449951171875,1723.949951171875,1758.800048828125,95948
2024-10-10 00:00:00+00:00,1725.25,1725.25,1752.449951171875,1708.050048828125,1735.5,68308
2024-10-11 00:00:00+00:00,1718.8499755859375,1718.8499755859375,1748.5,1711.0999755859375,1726.0,77108
2024-10-14 00:00:00+00:00,1740.4000244140625,1740.4000244140625,1747.449951171875,1715.0,1718.8499755859375,56791
2024-10-15 00:00:00+00:00,1784.75,1784.75,1814.800048828125,1735.050048828125,1740.4000244140625,227961
2024-10-16 00:00:00+00:00,1785.9000244140625,1785.9000244140625,1795.4000244140625,1751.550048828125,1794.699951171875,139372
2024-10-17 00:00:00+00:00,1734.699951171875,1734.699951171875,1792.0,1728.449951171875,1782.0,100071
2024-10-18 00:00:00+00:00,1723.199951171875,1723.199951171875,1733.5,1666.050048828125,1720.0,59172
2024-10-21 00:00:00+00:00,1684.949951171875,1684.949951171875,1742.0,1681.0999755859375,1723.5,61098
2024-10-22 00:00:00+00:00,1642.449951171875,1642.449951171875,1684.949951171875,1630.0,1684.949951171875,75413
2024-10-23 00:00:00+00:00,1611.4000244140625,1611.4000244140625,1659.949951171875,1600.0,1642.5,299157
2024-10-24 00:00:00+00:00,1599.5999755859375,1599.5999755859375,1622.699951171875,1585.0,1620.550048828125,83948
2024-10-25 00:00:00+00:00,1505.25,1505.25,1566.949951171875,1482.4000244140625,1540.0,491303
2024-10-28 00:00:00+00:00,1451.8499755859375,1451.8499755859375,1503.449951171875,1441.1500244140625,1490.0,447795
2024-10-29 00:00:00+00:00,1457.5999755859375,1457.5999755859375,1482.9000244140625,1422.75,1451.8499755859375,99834
2024-10-31 00:00:00+00:00,1506.6500244140625,1506.6500244140625,1522.0,1464.800048828125,1480.0,139659
2024-11-01 00:00:00+00:00,1529.9000244140625,1529.9000244140625,1558.699951171875,1516.949951171875,1516.949951171875,15153
